timestamp,members,paid,earnings
2026-01-17 15:02,597,252,2803
2026-01-18 07:58,604,253,2805
2026-01-18 09:00,611,253,2805
2026-01-18 15:00,616,256,2810
2026-01-18 21:36,617,255,2803
2026-01-18 21:40,617,255,2803
2026-01-19 08:36,634,255,2803
2026-01-19 15:28,641,256,2813
2026-01-19 21:00,644,258,2813
2026-01-20 09:00,649,260,2827
2026-01-20 15:00,651,260,2827
2026-01-20 21:00,651,260,2827
2026-01-21 09:00,653,260,2827
2026-01-21 17:34,654,261,2856
2026-01-21 21:00,654,261,2856
2026-01-22 09:00,656,261,2856
2026-01-22 15:00,657,261,2871
2026-01-22 21:00,657,261,2871
2026-01-23 09:00,658,261,2885
2026-01-23 20:54,661,261,2885
2026-01-23 21:00,661,261,2885
2026-01-24 09:00,663,263,2878
2026-01-24 16:25,664,263,2878
2026-01-24 21:00,665,263,2878
2026-01-25 09:00,665,263,2885
2026-01-25 15:00,666,263,2885
2026-01-25 21:00,666,263,2878
2026-01-26 09:00,668,264,2878
2026-01-26 16:37,667,264,2906
2026-01-26 21:00,666,261,2892
2026-01-27 09:00,669,261,2898
2026-01-27 15:00,670,262,2920
2026-01-27 21:00,674,264,2942
2026-01-28 11:02,675,264,2942
2026-01-28 17:01,677,264,2949
2026-01-28 21:00,678,264,2949
2026-01-29 09:00,680,266,2962
2026-01-29 15:00,681,266,2962
2026-01-29 21:00,678,263,2933
2026-01-30 09:00,680,264,2944
2026-01-30 15:00,683,265,2944
2026-01-30 21:00,684,265,2931
2026-01-31 09:00,686,265,2931
2026-01-31 15:00,687,265,2931
2026-01-31 21:00,687,265,2931
2026-02-01 10:46,690,265,2982
2026-02-01 15:00,691,265,2980
2026-02-01 21:00,692,265,2980
2026-02-02 09:00,694,265,2978
2026-02-02 16:03,695,265,2977
2026-02-03 07:59,696,266,2997
2026-02-03 09:00,765,266,2997
2026-02-03 16:40,803,266,3010
2026-02-03 21:00,812,268,3012
2026-02-04 09:00,821,268,3012
2026-02-04 18:32,827,269,3005
2026-02-04 21:00,829,269,3005
2026-02-05 09:00,832,268,2994
2026-02-05 18:11,833,268,3000
2026-02-05 21:00,836,269,3023
2026-02-06 09:00,840,272,3037
2026-02-06 17:32,842,272,3026
2026-02-06 21:03,842,272,3026
2026-02-07 09:00,842,272,3026
2026-02-07 15:00,842,272,3026
2026-02-07 21:00,844,272,3027
2026-02-08 09:00,846,273,3026
2026-02-08 15:00,846,273,3026
2026-02-08 21:00,851,275,3051
2026-02-09 09:00,853,276,3051
2026-02-09 16:27,854,277,3064
2026-02-09 21:00,854,277,3071
2026-02-10 09:00,858,279,3078
2026-02-10 17:57,862,281,3096
2026-02-10 21:00,861,280,3096
2026-02-11 13:36,862,280,3091
2026-02-11 15:00,862,280,3091
2026-02-11 21:00,863,280,3099
2026-02-12 09:00,863,280,3099
2026-02-12 15:00,866,281,3083
2026-02-12 21:00,867,282,3091
2026-02-13 09:12,869,282,3091
2026-02-13 16:45,871,282,3091
2026-02-13 21:00,874,282,3091
2026-02-14 09:00,875,283,3099
2026-02-14 17:02,878,285,3108
2026-02-15 08:10,880,287,3108
2026-02-15 09:00,881,287,3108
2026-02-15 17:01,879,285,3090
2026-02-15 21:00,879,284,3090
2026-02-16 09:00,880,284,3090
2026-02-16 15:00,879,284,3090
2026-02-17 07:34,880,283,3097
2026-02-17 09:00,881,283,3095
2026-02-17 15:00,886,286,3082
2026-02-17 21:00,886,285,3082
2026-02-18 09:55,886,285,3082
2026-02-18 16:43,886,285,3082
2026-02-19 07:35,886,285,3082
2026-02-19 09:00,886,285,3082
2026-02-19 15:00,886,285,3082
2026-02-20 07:22,886,285,3095
2026-02-20 09:00,886,286,3095
2026-02-20 16:29,887,286,3082
2026-02-20 21:00,886,285,3082
2026-02-21 09:00,889,286,3089
2026-02-21 15:31,889,287,3091
2026-02-22 07:40,890,287,3083
2026-02-22 09:00,891,287,3083
2026-02-22 16:29,890,286,3075
2026-02-22 21:15,890,286,3075
2026-02-23 09:00,891,286,3075
